date,admin1,admin2,market,latitude,longitude,category,commodity,unit,priceflag,pricetype,currency,price,usdprice
#date,#adm1+name,#adm2+name,#loc+market+name,#geo+lat,#geo+lon,#item+type,#item+name,#item+unit,#item+price+flag,#item+price+type,#currency,#value,#value+usd
2007-01-15,Estuaire,Libreville,Libreville,0.391,9.454,cereals and tubers,Cassava,KG,actual,Retail,XAF,394.0,0.8091
2007-01-15,Estuaire,Libreville,Libreville,0.391,9.454,cereals and tubers,Rice,KG,actual,Retail,XAF,401.0,0.8234
2007-01-15,Estuaire,Libreville,Libreville,0.391,9.454,cereals and tubers,Wheat flour,KG,actual,Retail,XAF,982.0,2.0165
2007-01-15,Estuaire,Libreville,Libreville,0.391,9.454,vegetables and fruits,Plantains,KG,actual,Retail,XAF,493.0,1.0124
2007-02-15,Estuaire,Libreville,Libreville,0.391,9.454,cereals and tubers,Cassava,KG,actual,Retail,XAF,331.0,0.6903
2007-02-15,Estuaire,Libreville,Libreville,0.391,9.454,cereals and tubers,Rice,KG,actual,Retail,XAF,374.0,0.78
2007-02-15,Estuaire,Libreville,Libreville,0.391,9.454,cereals and tubers,Wheat flour,KG,actual,Retail,XAF,816.0,1.7017
2007-02-15,Estuaire,Libreville,Libreville,0.391,9.454,vegetables and fruits,Plantains,KG,actual,Retail,XAF,496.0,1.0344
2007-03-15,Estuaire,Libreville,Libreville,0.391,9.454,cereals and tubers,Cassava,KG,actual,Retail,XAF,356.0,0.7483
2007-03-15,Estuaire,Libreville,Libreville,0.391,9.454,cereals and tubers,Rice,KG,actual,Retail,XAF,401.0,0.8429
2007-03-15,Estuaire,Libreville,Libreville,0.391,9.454,cereals and tubers,Wheat flour,KG,actual,Retail,XAF,886.0,1.8623
2007-03-15,Estuaire,Libreville,Libreville,0.391,9.454,vegetables and fruits,Plantains,KG,actual,Retail,XAF,490.0,1.0299
2007-04-15,Estuaire,Libreville,Libreville,0.391,9.454,cereals and tubers,Cassava,KG,actual,Retail,XAF,362.0,0.7428
2007-04-15,Estuaire,Libreville,Libreville,0.391,9.454,cereals and tubers,Rice,KG,actual,Retail,XAF,404.0,0.829
2007-04-15,Estuaire,Libreville,Libreville,0.391,9.454,cereals and tubers,Wheat flour,KG,actual,Retail,XAF,862.0,1.7688
2007-04-15,Estuaire,Libreville,Libreville,0.391,9.454,vegetables and fruits,Plantains,KG,actual,Retail,XAF,527.0,1.0814
2007-05-15,Estuaire,Libreville,Libreville,0.391,9.454,cereals and tubers,Cassava,KG,actual,Retail,XAF,374.0,0.8069
2007-05-15,Estuaire,Libreville,Libreville,0.391,9.454,cereals and tubers,Rice,KG,actual,Retail,XAF,418.0,0.9019
2007-05-15,Estuaire,Libreville,Libreville,0.391,9.454,cereals and tubers,Wheat flour,KG,actual,Retail,XAF,883.0,1.9052
2007-05-15,Estuaire,Libreville,Libreville,0.391,9.454,vegetables and fruits,Plantains,KG,actual,Retail,XAF,566.0,1.2212
2007-06-15,Estuaire,Libreville,Libreville,0.391,9.454,cereals and tubers,Cassava,KG,actual,Retail,XAF,386.0,0.804
2007-06-15,Estuaire,Libreville,Libreville,0.391,9.454,cereals and tubers,Rice,KG,actual,Retail,XAF,431.0,0.8977
2007-06-15,Estuaire,Libreville,Libreville,0.391,9.454,cereals and tubers,Wheat flour,KG,actual,Retail,XAF,905.0,1.8851
2007-06-15,Estuaire,Libreville,Libreville,0.391,9.454,vegetables and fruits,Plantains,KG,actual,Retail,XAF,606.0,1.2623
2007-07-15,Estuaire,Libreville,Libreville,0.391,9.454,cereals and tubers,Cassava,KG,actual,Retail,XAF,398.0,0.8253
2007-07-15,Estuaire,Libreville,Libreville,0.391,9.454,cereals and tubers,Rice,KG,actual,Retail,XAF,445.0,0.9228
2007-07-15,Estuaire,Libreville,Libreville,0.391,9.454,cereals and tubers,Wheat flour,KG,actual,Retail,XAF,926.0,1.9202
2007-07-15,Estuaire,Libreville,Libreville,0.391,9.454,vegetables and fruits,Plantains,KG,actual,Retail,XAF,645.0,1.3375
2007-08-15,Estuaire,Libreville,Libreville,0.391,9.454,cereals and tubers,Cassava,KG,actual,Retail,XAF,383.0,0.7994
2007-08-15,Estuaire,Libreville,Libreville,0.391,9.454,cereals and tubers,Rice,KG,actual,Retail,XAF,414.0,0.8641
2007-08-15,Estuaire,Libreville,Libreville,0.391,9.454,cereals and tubers,Wheat flour,KG,actual,Retail,XAF,1015.0,2.1186
2007-08-15,Estuaire,Libreville,Libreville,0.391,9.454,vegetables and fruits,Plantains,KG,actual,Retail,XAF,619.0,1.292
2007-09-15,Estuaire,Libreville,Libreville,0.391,9.454,cereals and tubers,Cassava,KG,actual,Retail,XAF,416.0,0.8839
2007-09-15,Estuaire,Libreville,Libreville,0.391,9.454,cereals and tubers,Rice,KG,actual,Retail,XAF,417.0,0.8861
2007-09-15,Estuaire,Libreville,Libreville,0.391,9.454,cereals and tubers,Wheat flour,KG,actual,Retail,XAF,943.0,2.0037
2007-09-15,Estuaire,Libreville,Libreville,0.391,9.454,vegetables and fruits,Plantains,KG,actual,Retail,XAF,584.0,1.2409
2007-10-15,Estuaire,Libreville,Libreville,0.391,9.454,cereals and tubers,Cassava,KG,actual,Retail,XAF,395.0,0.8728
2007-10-15,Estuaire,Libreville,Libreville,0.391,9.454,cereals and tubers,Rice,KG,actual,Retail,XAF,426.0,0.9413
2007-10-15,Estuaire,Libreville,Libreville,0.391,9.454,cereals and tubers,Wheat flour,KG,actual,Retail,XAF,832.0,1.8385
2007-10-15,Estuaire,Libreville,Libreville,0.391,9.454,vegetables and fruits,Plantains,KG,actual,Retail,XAF,554.0,1.2242
2007-11-15,Estuaire,Libreville,Libreville,0.391,9.454,cereals and tubers,Cassava,KG,actual,Retail,XAF,408.0,0.9273
2007-11-15,Estuaire,Libreville,Libreville,0.391,9.454,cereals and tubers,Rice,KG,actual,Retail,XAF,418.0,0.9501
2007-11-15,Estuaire,Libreville,Libreville,0.391,9.454,cereals and tubers,Wheat flour,KG,actual,Retail,XAF,946.0,2.1501
2007-11-15,Estuaire,Libreville,Libreville,0.391,9.454,vegetables and fruits,Plantains,KG,actual,Retail,XAF,521.0,1.1842
2007-12-15,Estuaire,Libreville,Libreville,0.391,9.454,cereals and tubers,Cassava,KG,actual,Retail,XAF,383.0,0.8607
2007-12-15,Estuaire,Libreville,Libreville,0.391,9.454,cereals and tubers,Rice,KG,actual,Retail,XAF,414.0,0.9304
2007-12-15,Estuaire,Libreville,Libreville,0.391,9.454,cereals and tubers,Wheat flour,KG,actual,Retail,XAF,1015.0,2.2811
2007-12-15,Estuaire,Libreville,Libreville,0.391,9.454,vegetables and fruits,Plantains,KG,actual,Retail,XAF,619.0,1.3911
2008-01-15,Estuaire,Libreville,Libreville,0.391,9.454,cereals and tubers,Cassava,KG,actual,Retail,XAF,383.0,0.8806
2008-01-15,Estuaire,Libreville,Libreville,0.391,9.454,cereals and tubers,Rice,KG,actual,Retail,XAF,414.0,0.9519
2008-01-15,Estuaire,Libreville,Libreville,0.391,9.454,cereals and tubers,Wheat flour,KG,actual,Retail,XAF,1015.0,2.3337
2008-01-15,Estuaire,Libreville,Libreville,0.391,9.454,vegetables and fruits,Plantains,KG,actual,Retail,XAF,619.0,1.4232
2008-02-15,Estuaire,Libreville,Libreville,0.391,9.454,cereals and tubers,Cassava,KG,actual,Retail,XAF,448.0,1.0228
2008-02-15,Estuaire,Libreville,Libreville,0.391,9.454,cereals and tubers,Rice,KG,actual,Retail,XAF,410.0,0.936
2008-02-15,Estuaire,Libreville,Libreville,0.391,9.454,cereals and tubers,Wheat flour,KG,actual,Retail,XAF,973.0,2.2213
2008-02-15,Estuaire,Libreville,Libreville,0.391,9.454,vegetables and fruits,Plantains,KG,actual,Retail,XAF,557.0,1.2716
2008-03-15,Estuaire,Libreville,Libreville,0.391,9.454,cereals and tubers,Cassava,KG,actual,Retail,XAF,463.0,1.0921
2008-03-15,Estuaire,Libreville,Libreville,0.391,9.454,cereals and tubers,Rice,KG,actual,Retail,XAF,428.0,1.0095
2008-03-15,Estuaire,Libreville,Libreville,0.391,9.454,cereals and tubers,Wheat flour,KG,actual,Retail,XAF,957.0,2.2573
2008-03-15,Estuaire,Libreville,Libreville,0.391,9.454,vegetables and fruits,Plantains,KG,actual,Retail,XAF,527.0,1.2431
2008-04-15,Estuaire,Libreville,Libreville,0.391,9.454,cereals and tubers,Cassava,KG,actual,Retail,XAF,415.0,1.0188
2008-04-15,Estuaire,Libreville,Libreville,0.391,9.454,cereals and tubers,Rice,KG,actual,Retail,XAF,505.0,1.2397
2008-04-15,Estuaire,Libreville,Libreville,0.391,9.454,cereals and tubers,Wheat flour,KG,actual,Retail,XAF,1049.0,2.5751
2008-04-15,Estuaire,Libreville,Libreville,0.391,9.454,vegetables and fruits,Plantains,KG,actual,Retail,XAF,501.0,1.2299
2008-05-15,Estuaire,Libreville,Libreville,0.391,9.454,cereals and tubers,Cassava,KG,actual,Retail,XAF,380.0,0.9127
2008-05-15,Estuaire,Libreville,Libreville,0.391,9.454,cereals and tubers,Rice,KG,actual,Retail,XAF,483.0,1.1601
2008-05-15,Estuaire,Libreville,Libreville,0.391,9.454,cereals and tubers,Wheat flour,KG,actual,Retail,XAF,1094.0,2.6277
2008-05-15,Estuaire,Libreville,Libreville,0.391,9.454,vegetables and fruits,Plantains,KG,actual,Retail,XAF,537.0,1.2898
2008-06-15,Estuaire,Libreville,Libreville,0.391,9.454,cereals and tubers,Cassava,KG,actual,Retail,XAF,409.0,0.9749
2008-06-15,Estuaire,Libreville,Libreville,0.391,9.454,cereals and tubers,Rice,KG,actual,Retail,XAF,494.0,1.1775
2008-06-15,Estuaire,Libreville,Libreville,0.391,9.454,cereals and tubers,Wheat flour,KG,actual,Retail,XAF,1140.0,2.7172
2008-06-15,Estuaire,Libreville,Libreville,0.391,9.454,vegetables and fruits,Plantains,KG,actual,Retail,XAF,565.0,1.3467
2008-07-15,Estuaire,Libreville,Libreville,0.391,9.454,cereals and tubers,Cassava,KG,actual,Retail,XAF,412.0,1.0194
2008-07-15,Estuaire,Libreville,Libreville,0.391,9.454,cereals and tubers,Rice,KG,actual,Retail,XAF,481.0,1.1902
2008-07-15,Estuaire,Libreville,Libreville,0.391,9.454,cereals and tubers,Wheat flour,KG,actual,Retail,XAF,1100.0,2.7218
2008-07-15,Estuaire,Libreville,Libreville,0.391,9.454,vegetables and fruits,Plantains,KG,actual,Retail,XAF,583.0,1.4425
2008-08-15,Estuaire,Libreville,Libreville,0.391,9.454,cereals and tubers,Cassava,KG,actual,Retail,XAF,489.0,1.1312
2008-08-15,Estuaire,Libreville,Libreville,0.391,9.454,cereals and tubers,Rice,KG,actual,Retail,XAF,514.0,1.1891
2008-08-15,Estuaire,Libreville,Libreville,0.391,9.454,cereals and tubers,Wheat flour,KG,actual,Retail,XAF,1099.0,2.5424
2008-08-15,Estuaire,Libreville,Libreville,0.391,9.454,vegetables and fruits,Plantains,KG,actual,Retail,XAF,632.0,1.462
2008-09-15,Estuaire,Libreville,Libreville,0.391,9.454,cereals and tubers,Cassava,KG,actual,Retail,XAF,442.0,0.9812
2008-09-15,Estuaire,Libreville,Libreville,0.391,9.454,cereals and tubers,Rice,KG,actual,Retail,XAF,567.0,1.2587
2008-09-15,Estuaire,Libreville,Libreville,0.391,9.454,cereals and tubers,Wheat flour,KG,actual,Retail,XAF,1015.0,2.2532
2008-09-15,Estuaire,Libreville,Libreville,0.391,9.454,vegetables and fruits,Plantains,KG,actual,Retail,XAF,633.0,1.4052
2008-10-15,Estuaire,Libreville,Libreville,0.391,9.454,cereals and tubers,Cassava,KG,actual,Retail,XAF,420.0,0.8774
2008-10-15,Estuaire,Libreville,Libreville,0.391,9.454,cereals and tubers,Rice,KG,actual,Retail,XAF,559.0,1.1678
2008-10-15,Estuaire,Libreville,Libreville,0.391,9.454,cereals and tubers,Wheat flour,KG,actual,Retail,XAF,1026.0,2.1434
2008-10-15,Estuaire,Libreville,Libreville,0.391,9.454,vegetables and fruits,Plantains,KG,actual,Retail,XAF,571.0,1.1929
2008-11-15,Estuaire,Libreville,Libreville,0.391,9.454,cereals and tubers,Cassava,KG,actual,Retail,XAF,472.0,0.9169
2008-11-15,Estuaire,Libreville,Libreville,0.391,9.454,cereals and tubers,Rice,KG,actual,Retail,XAF,531.0,1.0315
2008-11-15,Estuaire,Libreville,Libreville,0.391,9.454,cereals and tubers,Wheat flour,KG,actual,Retail,XAF,932.0,1.8104
2008-11-15,Estuaire,Libreville,Libreville,0.391,9.454,vegetables and fruits,Plantains,KG,actual,Retail,XAF,548.0,1.0645
2008-12-15,Estuaire,Libreville,Libreville,0.391,9.454,cereals and tubers,Cassava,KG,actual,Retail,XAF,516.0,1.0989
2008-12-15,Estuaire,Libreville,Libreville,0.391,9.454,cereals and tubers,Rice,KG,actual,Retail,XAF,547.0,1.1649
2008-12-15,Estuaire,Libreville,Libreville,0.391,9.454,cereals and tubers,Wheat flour,KG,actual,Retail,XAF,1013.0,2.1573
2008-12-15,Estuaire,Libreville,Libreville,0.391,9.454,vegetables and fruits,Plantains,KG,actual,Retail,XAF,547.0,1.1649
2009-01-15,Estuaire,Libreville,Libreville,0.391,9.454,cereals and tubers,Cassava,KG,actual,Retail,XAF,489.0,0.9997
2009-01-15,Estuaire,Libreville,Libreville,0.391,9.454,cereals and tubers,Rice,KG,actual,Retail,XAF,542.0,1.1081
2009-01-15,Estuaire,Libreville,Libreville,0.391,9.454,cereals and tubers,Wheat flour,KG,actual,Retail,XAF,996.0,2.0363
2009-01-15,Estuaire,Libreville,Libreville,0.391,9.454,vegetables and fruits,Plantains,KG,actual,Retail,XAF,555.0,1.1347
2009-02-15,Estuaire,Libreville,Libreville,0.391,9.454,cereals and tubers,Cassava,KG,actual,Retail,XAF,438.0,0.8496
2009-02-15,Estuaire,Libreville,Libreville,0.391,9.454,cereals and tubers,Rice,KG,actual,Retail,XAF,552.0,1.0707
2009-02-15,Estuaire,Libreville,Libreville,0.391,9.454,cereals and tubers,Wheat flour,KG,actual,Retail,XAF,964.0,1.8698
2009-02-15,Estuaire,Libreville,Libreville,0.391,9.454,vegetables and fruits,Plantains,KG,actual,Retail,XAF,533.0,1.0338
2009-03-15,Estuaire,Libreville,Libreville,0.391,9.454,cereals and tubers,Cassava,KG,actual,Retail,XAF,497.0,0.9817
2009-03-15,Estuaire,Libreville,Libreville,0.391,9.454,cereals and tubers,Rice,KG,actual,Retail,XAF,539.0,1.0647
2009-03-15,Estuaire,Libreville,Libreville,0.391,9.454,cereals and tubers,Wheat flour,KG,actual,Retail,XAF,970.0,1.916
2009-03-15,Estuaire,Libreville,Libreville,0.391,9.454,vegetables and fruits,Plantains,KG,actual,Retail,XAF,539.0,1.0647
2009-04-15,Estuaire,Libreville,Libreville,0.391,9.454,cereals and tubers,Cassava,KG,actual,Retail,XAF,490.0,1.0109
2009-04-15,Estuaire,Libreville,Libreville,0.391,9.454,cereals and tubers,Rice,KG,actual,Retail,XAF,538.0,1.1099
2009-04-15,Estuaire,Libreville,Libreville,0.391,9.454,cereals and tubers,Wheat flour,KG,actual,Retail,XAF,982.0,2.0258
2009-04-15,Estuaire,Libreville,Libreville,0.391,9.454,vegetables and fruits,Plantains,KG,actual,Retail,XAF,535.0,1.1037
2009-05-15,Estuaire,Libreville,Libreville,0.391,9.454,cereals and tubers,Cassava,KG,actual,Retail,XAF,437.0,0.9217
2009-05-15,Estuaire,Libreville,Libreville,0.391,9.454,cereals and tubers,Rice,KG,actual,Retail,XAF,556.0,1.1727
2009-05-15,Estuaire,Libreville,Libreville,0.391,9.454,cereals and tubers,Wheat flour,KG,actual,Retail,XAF,979.0,2.065
2009-05-15,Estuaire,Libreville,Libreville,0.391,9.454,vegetables and fruits,Plantains,KG,actual,Retail,XAF,554.0,1.1685
2009-06-15,Estuaire,Libreville,Libreville,0.391,9.454,cereals and tubers,Cassava,KG,actual,Retail,XAF,411.0,0.8848
2009-06-15,Estuaire,Libreville,Libreville,0.391,9.454,cereals and tubers,Rice,KG,actual,Retail,XAF,531.0,1.1431
2009-06-15,Estuaire,Libreville,Libreville,0.391,9.454,cereals and tubers,Wheat flour,KG,actual,Retail,XAF,854.0,1.8385
2009-06-15,Estuaire,Libreville,Libreville,0.391,9.454,vegetables and fruits,Plantains,KG,actual,Retail,XAF,558.0,1.2013
2009-07-15,Estuaire,Libreville,Libreville,0.391,9.454,cereals and tubers,Cassava,KG,actual,Retail,XAF,391.0,0.8559
2009-07-15,Estuaire,Libreville,Libreville,0.391,9.454,cereals and tubers,Rice,KG,actual,Retail,XAF,513.0,1.1229
2009-07-15,Estuaire,Libreville,Libreville,0.391,9.454,cereals and tubers,Wheat flour,KG,actual,Retail,XAF,899.0,1.9679
2009-07-15,Estuaire,Libreville,Libreville,0.391,9.454,vegetables and fruits,Plantains,KG,actual,Retail,XAF,547.0,1.1974
2009-08-15,Estuaire,Libreville,Libreville,0.391,9.454,cereals and tubers,Cassava,KG,actual,Retail,XAF,452.0,0.9787
2009-08-15,Estuaire,Libreville,Libreville,0.391,9.454,cereals and tubers,Rice,KG,actual,Retail,XAF,540.0,1.1692
2009-08-15,Estuaire,Libreville,Libreville,0.391,9.454,cereals and tubers,Wheat flour,KG,actual,Retail,XAF,913.0,1.9768
2009-08-15,Estuaire,Libreville,Libreville,0.391,9.454,vegetables and fruits,Plantains,KG,actual,Retail,XAF,612.0,1.3251
2009-09-15,Estuaire,Libreville,Libreville,0.391,9.454,cereals and tubers,Cassava,KG,actual,Retail,XAF,408.0,0.9276
2009-09-15,Estuaire,Libreville,Libreville,0.391,9.454,cereals and tubers,Rice,KG,actual,Retail,XAF,546.0,1.2414
2009-09-15,Estuaire,Libreville,Libreville,0.391,9.454,cereals and tubers,Wheat flour,KG,actual,Retail,XAF,940.0,2.1371
2009-09-15,Estuaire,Libreville,Libreville,0.391,9.454,vegetables and fruits,Plantains,KG,actual,Retail,XAF,573.0,1.3027
2009-10-15,Estuaire,Libreville,Libreville,0.391,9.454,cereals and tubers,Cassava,KG,actual,Retail,XAF,303.0,0.703
2009-10-15,Estuaire,Libreville,Libreville,0.391,9.454,cereals and tubers,Rice,KG,actual,Retail,XAF,615.0,1.4269
2009-10-15,Estuaire,Libreville,Libreville,0.391,9.454,cereals and tubers,Wheat flour,KG,actual,Retail,XAF,846.0,1.9629
2009-10-15,Estuaire,Libreville,Libreville,0.391,9.454,vegetables and fruits,Plantains,KG,actual,Retail,XAF,509.0,1.181
2009-11-15,Estuaire,Libreville,Libreville,0.391,9.454,cereals and tubers,Cassava,KG,actual,Retail,XAF,345.0,0.7842
2009-11-15,Estuaire,Libreville,Libreville,0.391,9.454,cereals and tubers,Rice,KG,actual,Retail,XAF,548.0,1.2457
2009-11-15,Estuaire,Libreville,Libreville,0.391,9.454,cereals and tubers,Wheat flour,KG,actual,Retail,XAF,905.0,2.0572
2009-11-15,Estuaire,Libreville,Libreville,0.391,9.454,vegetables and fruits,Plantains,KG,actual,Retail,XAF,504.0,1.1457
2009-12-15,Estuaire,Libreville,Libreville,0.391,9.454,cereals and tubers,Cassava,KG,actual,Retail,XAF,340.0,0.7694
2009-12-15,Estuaire,Libreville,Libreville,0.391,9.454,cereals and tubers,Rice,KG,actual,Retail,XAF,525.0,1.1881
2009-12-15,Estuaire,Libreville,Libreville,0.391,9.454,cereals and tubers,Wheat flour,KG,actual,Retail,XAF,1041.0,2.3558
2009-12-15,Estuaire,Libreville,Libreville,0.391,9.454,vegetables and fruits,Plantains,KG,actual,Retail,XAF,547.0,1.2379
2010-01-15,Estuaire,Libreville,Libreville,0.391,9.454,cereals and tubers,Cassava,KG,actual,Retail,XAF,340.0,0.7606
2010-01-15,Estuaire,Libreville,Libreville,0.391,9.454,cereals and tubers,Rice,KG,actual,Retail,XAF,525.0,1.1744
2010-01-15,Estuaire,Libreville,Libreville,0.391,9.454,cereals and tubers,Wheat flour,KG,actual,Retail,XAF,1041.0,2.3287
2010-01-15,Estuaire,Libreville,Libreville,0.391,9.454,vegetables and fruits,Plantains,KG,actual,Retail,XAF,547.0,1.2236
2010-02-15,Estuaire,Libreville,Libreville,0.391,9.454,cereals and tubers,Cassava,KG,actual,Retail,XAF,445.0,0.9433
2010-02-15,Estuaire,Libreville,Libreville,0.391,9.454,cereals and tubers,Rice,KG,actual,Retail,XAF,529.0,1.1213
2010-02-15,Estuaire,Libreville,Libreville,0.391,9.454,cereals and tubers,Wheat flour,KG,actual,Retail,XAF,1014.0,2.1494
2010-02-15,Estuaire,Libreville,Libreville,0.391,9.454,vegetables and fruits,Plantains,KG,actual,Retail,XAF,554.0,1.1743
2010-03-15,Estuaire,Libreville,Libreville,0.391,9.454,cereals and tubers,Cassava,KG,actual,Retail,XAF,447.0,0.9538
2010-03-15,Estuaire,Libreville,Libreville,0.391,9.454,cereals and tubers,Rice,KG,actual,Retail,XAF,553.0,1.18
2010-03-15,Estuaire,Libreville,Libreville,0.391,9.454,cereals and tubers,Wheat flour,KG,actual,Retail,XAF,1014.0,2.1637
2010-03-15,Estuaire,Libreville,Libreville,0.391,9.454,vegetables and fruits,Plantains,KG,actual,Retail,XAF,525.0,1.1203
2010-04-15,Estuaire,Libreville,Libreville,0.391,9.454,cereals and tubers,Cassava,KG,actual,Retail,XAF,447.0,0.9412
2010-04-15,Estuaire,Libreville,Libreville,0.391,9.454,cereals and tubers,Rice,KG,actual,Retail,XAF,553.0,1.1644
2010-04-15,Estuaire,Libreville,Libreville,0.391,9.454,cereals and tubers,Wheat flour,KG,actual,Retail,XAF,1014.0,2.1351
2010-04-15,Estuaire,Libreville,Libreville,0.391,9.454,vegetables and fruits,Plantains,KG,actual,Retail,XAF,525.0,1.1054
2010-05-15,Estuaire,Libreville,Libreville,0.391,9.454,cereals and tubers,Cassava,KG,actual,Retail,XAF,447.0,0.8728
2010-05-15,Estuaire,Libreville,Libreville,0.391,9.454,cereals and tubers,Rice,KG,actual,Retail,XAF,553.0,1.0797
2010-05-15,Estuaire,Libreville,Libreville,0.391,9.454,cereals and tubers,Wheat flour,KG,actual,Retail,XAF,1014.0,1.9798
2010-05-15,Estuaire,Libreville,Libreville,0.391,9.454,vegetables and fruits,Plantains,KG,actual,Retail,XAF,525.0,1.0251
2010-06-15,Estuaire,Libreville,Libreville,0.391,9.454,cereals and tubers,Cassava,KG,actual,Retail,XAF,447.0,0.8532
2010-06-15,Estuaire,Libreville,Libreville,0.391,9.454,cereals and tubers,Rice,KG,actual,Retail,XAF,553.0,1.0555
2010-06-15,Estuaire,Libreville,Libreville,0.391,9.454,cereals and tubers,Wheat flour,KG,actual,Retail,XAF,1014.0,1.9355
2010-06-15,Estuaire,Libreville,Libreville,0.391,9.454,vegetables and fruits,Plantains,KG,actual,Retail,XAF,525.0,1.0021
2010-07-15,Estuaire,Libreville,Libreville,0.391,9.454,cereals and tubers,Cassava,KG,actual,Retail,XAF,404.0,0.8053
2010-07-15,Estuaire,Libreville,Libreville,0.391,9.454,cereals and tubers,Rice,KG,actual,Retail,XAF,569.0,1.1342
2010-07-15,Estuaire,Libreville,Libreville,0.391,9.454,cereals and tubers,Wheat flour,KG,actual,Retail,XAF,1244.0,2.4798
2010-07-15,Estuaire,Libreville,Libreville,0.391,9.454,vegetables and fruits,Plantains,KG,actual,Retail,XAF,658.0,1.3116
2010-08-15,Estuaire,Libreville,Libreville,0.391,9.454,cereals and tubers,Cassava,KG,actual,Retail,XAF,404.0,0.7919
2010-08-15,Estuaire,Libreville,Libreville,0.391,9.454,cereals and tubers,Rice,KG,actual,Retail,XAF,569.0,1.1153
2010-08-15,Estuaire,Libreville,Libreville,0.391,9.454,cereals and tubers,Wheat flour,KG,actual,Retail,XAF,1244.0,2.4383
2010-08-15,Estuaire,Libreville,Libreville,0.391,9.454,vegetables and fruits,Plantains,KG,actual,Retail,XAF,658.0,1.2897
2010-09-15,Estuaire,Libreville,Libreville,0.391,9.454,cereals and tubers,Cassava,KG,actual,Retail,XAF,365.0,0.7285
2010-09-15,Estuaire,Libreville,Libreville,0.391,9.454,cereals and tubers,Rice,KG,actual,Retail,XAF,517.0,1.0319
2010-09-15,Estuaire,Libreville,Libreville,0.391,9.454,cereals and tubers,Wheat flour,KG,actual,Retail,XAF,1051.0,2.0978
2010-09-15,Estuaire,Libreville,Libreville,0.391,9.454,vegetables and fruits,Plantains,KG,actual,Retail,XAF,590.0,1.1776
2010-10-15,Estuaire,Libreville,Libreville,0.391,9.454,cereals and tubers,Cassava,KG,actual,Retail,XAF,443.0,0.9691
2010-10-15,Estuaire,Libreville,Libreville,0.391,9.454,cereals and tubers,Rice,KG,actual,Retail,XAF,537.0,1.1747
2010-10-15,Estuaire,Libreville,Libreville,0.391,9.454,cereals and tubers,Wheat flour,KG,actual,Retail,XAF,1049.0,2.2947
2010-10-15,Estuaire,Libreville,Libreville,0.391,9.454,vegetables and fruits,Plantains,KG,actual,Retail,XAF,623.0,1.3628
2010-11-15,Estuaire,Libreville,Libreville,0.391,9.454,cereals and tubers,Cassava,KG,actual,Retail,XAF,597.0,1.2712
2010-11-15,Estuaire,Libreville,Libreville,0.391,9.454,cereals and tubers,Rice,KG,actual,Retail,XAF,555.0,1.1817
2010-11-15,Estuaire,Libreville,Libreville,0.391,9.454,cereals and tubers,Wheat flour,KG,actual,Retail,XAF,1078.0,2.2953
2010-11-15,Estuaire,Libreville,Libreville,0.391,9.454,vegetables and fruits,Plantains,KG,actual,Retail,XAF,559.0,1.1902
2010-12-15,Estuaire,Libreville,Libreville,0.391,9.454,cereals and tubers,Cassava,KG,actual,Retail,XAF,464.0,0.9715
2010-12-15,Estuaire,Libreville,Libreville,0.391,9.454,cereals and tubers,Rice,KG,actual,Retail,XAF,584.0,1.2228
2010-12-15,Estuaire,Libreville,Libreville,0.391,9.454,cereals and tubers,Wheat flour,KG,actual,Retail,XAF,869.0,1.8195
2010-12-15,Estuaire,Libreville,Libreville,0.391,9.454,vegetables and fruits,Plantains,KG,actual,Retail,XAF,551.0,1.1537
2011-01-15,Estuaire,Libreville,Libreville,0.391,9.454,cereals and tubers,Cassava,KG,actual,Retail,XAF,461.0,0.9501
2011-01-15,Estuaire,Libreville,Libreville,0.391,9.454,cereals and tubers,Rice,KG,actual,Retail,XAF,556.0,1.1459
2011-01-15,Estuaire,Libreville,Libreville,0.391,9.454,cereals and tubers,Wheat flour,KG,actual,Retail,XAF,1065.0,2.195
2011-01-15,Estuaire,Libreville,Libreville,0.391,9.454,vegetables and fruits,Plantains,KG,actual,Retail,XAF,532.0,1.0965
2011-02-15,Estuaire,Libreville,Libreville,0.391,9.454,cereals and tubers,Cassava,KG,actual,Retail,XAF,441.0,0.9226
2011-02-15,Estuaire,Libreville,Libreville,0.391,9.454,cereals and tubers,Rice,KG,actual,Retail,XAF,506.0,1.0586
2011-02-15,Estuaire,Libreville,Libreville,0.391,9.454,cereals and tubers,Wheat flour,KG,actual,Retail,XAF,962.0,2.0126
2011-02-15,Estuaire,Libreville,Libreville,0.391,9.454,vegetables and fruits,Plantains,KG,actual,Retail,XAF,594.0,1.2427
2011-03-15,Estuaire,Libreville,Libreville,0.391,9.454,cereals and tubers,Cassava,KG,actual,Retail,XAF,508.0,1.1021
2011-03-15,Estuaire,Libreville,Libreville,0.391,9.454,cereals and tubers,Rice,KG,actual,Retail,XAF,565.0,1.2258
2011-03-15,Estuaire,Libreville,Libreville,0.391,9.454,cereals and tubers,Wheat flour,KG,actual,Retail,XAF,926.0,2.009
2011-03-15,Estuaire,Libreville,Libreville,0.391,9.454,vegetables and fruits,Plantains,KG,actual,Retail,XAF,525.0,1.139
2011-04-15,Estuaire,Libreville,Libreville,0.391,9.454,cereals and tubers,Cassava,KG,actual,Retail,XAF,507.0,1.1228
2011-04-15,Estuaire,Libreville,Libreville,0.391,9.454,cereals and tubers,Rice,KG,actual,Retail,XAF,524.0,1.1604
2011-04-15,Estuaire,Libreville,Libreville,0.391,9.454,cereals and tubers,Wheat flour,KG,actual,Retail,XAF,1113.0,2.4647
2011-04-15,Estuaire,Libreville,Libreville,0.391,9.454,vegetables and fruits,Plantains,KG,actual,Retail,XAF,524.0,1.1604
2011-05-15,Estuaire,Libreville,Libreville,0.391,9.454,cereals and tubers,Cassava,KG,actual,Retail,XAF,482.0,1.0747
2011-05-15,Estuaire,Libreville,Libreville,0.391,9.454,cereals and tubers,Rice,KG,actual,Retail,XAF,526.0,1.1729
2011-05-15,Estuaire,Libreville,Libreville,0.391,9.454,cereals and tubers,Wheat flour,KG,actual,Retail,XAF,1004.0,2.2387
2011-05-15,Estuaire,Libreville,Libreville,0.391,9.454,vegetables and fruits,Plantains,KG,actual,Retail,XAF,576.0,1.2843
2011-06-15,Estuaire,Libreville,Libreville,0.391,9.454,cereals and tubers,Cassava,KG,actual,Retail,XAF,420.0,0.9426
2011-06-15,Estuaire,Libreville,Libreville,0.391,9.454,cereals and tubers,Rice,KG,actual,Retail,XAF,523.0,1.1738
2011-06-15,Estuaire,Libreville,Libreville,0.391,9.454,cereals and tubers,Wheat flour,KG,actual,Retail,XAF,968.0,2.1725
2011-06-15,Estuaire,Libreville,Libreville,0.391,9.454,vegetables and fruits,Plantains,KG,actual,Retail,XAF,591.0,1.3264
2011-07-15,Estuaire,Libreville,Libreville,0.391,9.454,cereals and tubers,Cassava,KG,actual,Retail,XAF,490.0,1.0812
2011-07-15,Estuaire,Libreville,Libreville,0.391,9.454,cereals and tubers,Rice,KG,actual,Retail,XAF,511.0,1.1276
2011-07-15,Estuaire,Libreville,Libreville,0.391,9.454,cereals and tubers,Wheat flour,KG,actual,Retail,XAF,1062.0,2.3434
2011-07-15,Estuaire,Libreville,Libreville,0.391,9.454,vegetables and fruits,Plantains,KG,actual,Retail,XAF,614.0,1.3548
2011-08-15,Estuaire,Libreville,Libreville,0.391,9.454,cereals and tubers,Cassava,KG,actual,Retail,XAF,500.0,1.1072
2011-08-15,Estuaire,Libreville,Libreville,0.391,9.454,cereals and tubers,Rice,KG,actual,Retail,XAF,502.0,1.1117
2011-08-15,Estuaire,Libreville,Libreville,0.391,9.454,cereals and tubers,Wheat flour,KG,actual,Retail,XAF,1024.0,2.2676
2011-08-15,Estuaire,Libreville,Libreville,0.391,9.454,vegetables and fruits,Plantains,KG,actual,Retail,XAF,691.0,1.5302
2011-09-15,Estuaire,Libreville,Libreville,0.391,9.454,cereals and tubers,Cassava,KG,actual,Retail,XAF,471.0,1.0058
2011-09-15,Estuaire,Libreville,Libreville,0.391,9.454,cereals and tubers,Rice,KG,actual,Retail,XAF,492.0,1.0506
2011-09-15,Estuaire,Libreville,Libreville,0.391,9.454,cereals and tubers,Wheat flour,KG,actual,Retail,XAF,1008.0,2.1525
2011-09-15,Estuaire,Libreville,Libreville,0.391,9.454,vegetables and fruits,Plantains,KG,actual,Retail,XAF,651.0,1.3902
2011-10-15,Estuaire,Libreville,Libreville,0.391,9.454,cereals and tubers,Cassava,KG,actual,Retail,XAF,525.0,1.0996
2011-10-15,Estuaire,Libreville,Libreville,0.391,9.454,cereals and tubers,Rice,KG,actual,Retail,XAF,532.0,1.1143
2011-10-15,Estuaire,Libreville,Libreville,0.391,9.454,cereals and tubers,Wheat flour,KG,actual,Retail,XAF,1013.0,2.1218
2011-10-15,Estuaire,Libreville,Libreville,0.391,9.454,vegetables and fruits,Plantains,KG,actual,Retail,XAF,648.0,1.3573
2011-11-15,Estuaire,Libreville,Libreville,0.391,9.454,cereals and tubers,Cassava,KG,actual,Retail,XAF,525.0,1.1152
2011-11-15,Estuaire,Libreville,Libreville,0.391,9.454,cereals and tubers,Rice,KG,actual,Retail,XAF,532.0,1.1301
2011-11-15,Estuaire,Libreville,Libreville,0.391,9.454,cereals and tubers,Wheat flour,KG,actual,Retail,XAF,1013.0,2.1519
2011-11-15,Estuaire,Libreville,Libreville,0.391,9.454,vegetables and fruits,Plantains,KG,actual,Retail,XAF,648.0,1.3765
2011-12-15,Estuaire,Libreville,Libreville,0.391,9.454,cereals and tubers,Cassava,KG,actual,Retail,XAF,525.0,1.0612
2011-12-15,Estuaire,Libreville,Libreville,0.391,9.454,cereals and tubers,Rice,KG,actual,Retail,XAF,534.0,1.0794
2011-12-15,Estuaire,Libreville,Libreville,0.391,9.454,cereals and tubers,Wheat flour,KG,actual,Retail,XAF,1013.0,2.0476
2011-12-15,Estuaire,Libreville,Libreville,0.391,9.454,vegetables and fruits,Plantains,KG,actual,Retail,XAF,648.0,1.3098
2012-01-15,Estuaire,Libreville,Libreville,0.391,9.454,cereals and tubers,Cassava,KG,actual,Retail,XAF,549.0,1.0924
2012-01-15,Estuaire,Libreville,Libreville,0.391,9.454,cereals and tubers,Rice,KG,actual,Retail,XAF,531.0,1.0566
2012-01-15,Estuaire,Libreville,Libreville,0.391,9.454,cereals and tubers,Wheat flour,KG,actual,Retail,XAF,1002.0,1.9938
2012-01-15,Estuaire,Libreville,Libreville,0.391,9.454,vegetables and fruits,Plantains,KG,actual,Retail,XAF,631.0,1.2556
2012-02-15,Estuaire,Libreville,Libreville,0.391,9.454,cereals and tubers,Cassava,KG,actual,Retail,XAF,511.0,1.0485
2012-02-15,Estuaire,Libreville,Libreville,0.391,9.454,cereals and tubers,Rice,KG,actual,Retail,XAF,537.0,1.1019
2012-02-15,Estuaire,Libreville,Libreville,0.391,9.454,cereals and tubers,Wheat flour,KG,actual,Retail,XAF,960.0,1.9698
2012-02-15,Estuaire,Libreville,Libreville,0.391,9.454,vegetables and fruits,Plantains,KG,actual,Retail,XAF,613.0,1.2578
2012-03-15,Estuaire,Libreville,Libreville,0.391,9.454,cereals and tubers,Cassava,KG,actual,Retail,XAF,801.0,1.6278
2012-03-15,Estuaire,Libreville,Libreville,0.391,9.454,cereals and tubers,Rice,KG,actual,Retail,XAF,551.0,1.1197
2012-03-15,Estuaire,Libreville,Libreville,0.391,9.454,cereals and tubers,Wheat flour,KG,actual,Retail,XAF,1118.0,2.2719
2012-03-15,Estuaire,Libreville,Libreville,0.391,9.454,vegetables and fruits,Plantains,KG,actual,Retail,XAF,569.0,1.1563
2012-04-15,Estuaire,Libreville,Libreville,0.391,9.454,cereals and tubers,Cassava,KG,actual,Retail,XAF,688.0,1.3934
2012-04-15,Estuaire,Libreville,Libreville,0.391,9.454,cereals and tubers,Rice,KG,actual,Retail,XAF,543.0,1.0997
2012-04-15,Estuaire,Libreville,Libreville,0.391,9.454,cereals and tubers,Wheat flour,KG,actual,Retail,XAF,1196.0,2.4222
2012-04-15,Estuaire,Libreville,Libreville,0.391,9.454,vegetables and fruits,Plantains,KG,actual,Retail,XAF,618.0,1.2516
2012-05-15,Estuaire,Libreville,Libreville,0.391,9.454,cereals and tubers,Cassava,KG,actual,Retail,XAF,688.0,1.3771
2012-05-15,Estuaire,Libreville,Libreville,0.391,9.454,cereals and tubers,Rice,KG,actual,Retail,XAF,543.0,1.0868
2012-05-15,Estuaire,Libreville,Libreville,0.391,9.454,cereals and tubers,Wheat flour,KG,actual,Retail,XAF,1196.0,2.3939
2012-05-15,Estuaire,Libreville,Libreville,0.391,9.454,vegetables and fruits,Plantains,KG,actual,Retail,XAF,618.0,1.237
2012-06-15,Estuaire,Libreville,Libreville,0.391,9.454,cereals and tubers,Cassava,KG,actual,Retail,XAF,688.0,1.3515
2012-06-15,Estuaire,Libreville,Libreville,0.391,9.454,cereals and tubers,Rice,KG,actual,Retail,XAF,543.0,1.0667
2012-06-15,Estuaire,Libreville,Libreville,0.391,9.454,cereals and tubers,Wheat flour,KG,actual,Retail,XAF,1196.0,2.3494
2012-06-15,Estuaire,Libreville,Libreville,0.391,9.454,vegetables and fruits,Plantains,KG,actual,Retail,XAF,618.0,1.214
2012-07-15,Estuaire,Libreville,Libreville,0.391,9.454,cereals and tubers,Cassava,KG,actual,Retail,XAF,688.0,1.3048
2012-07-15,Estuaire,Libreville,Libreville,0.391,9.454,cereals and tubers,Rice,KG,actual,Retail,XAF,543.0,1.0298
2012-07-15,Estuaire,Libreville,Libreville,0.391,9.454,cereals and tubers,Wheat flour,KG,actual,Retail,XAF,1196.0,2.2682
2012-07-15,Estuaire,Libreville,Libreville,0.391,9.454,vegetables and fruits,Plantains,KG,actual,Retail,XAF,618.0,1.172
2012-08-15,Estuaire,Libreville,Libreville,0.391,9.454,cereals and tubers,Cassava,KG,actual,Retail,XAF,528.0,1.0118
2012-08-15,Estuaire,Libreville,Libreville,0.391,9.454,cereals and tubers,Rice,KG,actual,Retail,XAF,597.0,1.1441
2012-08-15,Estuaire,Libreville,Libreville,0.391,9.454,cereals and tubers,Wheat flour,KG,actual,Retail,XAF,1387.0,2.658
2012-08-15,Estuaire,Libreville,Libreville,0.391,9.454,vegetables and fruits,Plantains,KG,actual,Retail,XAF,784.0,1.5024
2012-09-15,Estuaire,Libreville,Libreville,0.391,9.454,cereals and tubers,Cassava,KG,actual,Retail,XAF,574.0,1.1173
2012-09-15,Estuaire,Libreville,Libreville,0.391,9.454,cereals and tubers,Rice,KG,actual,Retail,XAF,523.0,1.018
2012-09-15,Estuaire,Libreville,Libreville,0.391,9.454,cereals and tubers,Wheat flour,KG,actual,Retail,XAF,1070.0,2.0828
2012-09-15,Estuaire,Libreville,Libreville,0.391,9.454,vegetables and fruits,Plantains,KG,actual,Retail,XAF,947.0,1.8434
2012-10-15,Estuaire,Libreville,Libreville,0.391,9.454,cereals and tubers,Cassava,KG,actual,Retail,XAF,574.0,1.1335
2012-10-15,Estuaire,Libreville,Libreville,0.391,9.454,cereals and tubers,Rice,KG,actual,Retail,XAF,523.0,1.0328
2012-10-15,Estuaire,Libreville,Libreville,0.391,9.454,cereals and tubers,Wheat flour,KG,actual,Retail,XAF,1070.0,2.1129
2012-10-15,Estuaire,Libreville,Libreville,0.391,9.454,vegetables and fruits,Plantains,KG,actual,Retail,XAF,947.0,1.87
2012-11-15,Estuaire,Libreville,Libreville,0.391,9.454,cereals and tubers,Cassava,KG,actual,Retail,XAF,570.0,1.1065
2012-11-15,Estuaire,Libreville,Libreville,0.391,9.454,cereals and tubers,Rice,KG,actual,Retail,XAF,523.0,1.0153
2012-11-15,Estuaire,Libreville,Libreville,0.391,9.454,cereals and tubers,Wheat flour,KG,actual,Retail,XAF,1006.0,1.9529
2012-11-15,Estuaire,Libreville,Libreville,0.391,9.454,vegetables and fruits,Plantains,KG,actual,Retail,XAF,668.0,1.2968
2012-12-15,Estuaire,Libreville,Libreville,0.391,9.454,cereals and tubers,Cassava,KG,actual,Retail,XAF,663.0,1.3226
2012-12-15,Estuaire,Libreville,Libreville,0.391,9.454,cereals and tubers,Rice,KG,actual,Retail,XAF,550.0,1.0972
2012-12-15,Estuaire,Libreville,Libreville,0.391,9.454,cereals and tubers,Wheat flour,KG,actual,Retail,XAF,1294.0,2.5814
2012-12-15,Estuaire,Libreville,Libreville,0.391,9.454,vegetables and fruits,Plantains,KG,actual,Retail,XAF,580.0,1.1571
2013-01-15,Estuaire,Libreville,Libreville,0.391,9.454,cereals and tubers,Cassava,KG,actual,Retail,XAF,584.0,1.1912
2013-01-15,Estuaire,Libreville,Libreville,0.391,9.454,cereals and tubers,Rice,KG,actual,Retail,XAF,522.0,1.0648
2013-01-15,Estuaire,Libreville,Libreville,0.391,9.454,cereals and tubers,Wheat flour,KG,actual,Retail,XAF,1263.0,2.5762
2013-01-15,Estuaire,Libreville,Libreville,0.391,9.454,vegetables and fruits,Plantains,KG,actual,Retail,XAF,739.0,1.5074
2013-02-15,Estuaire,Libreville,Libreville,0.391,9.454,cereals and tubers,Cassava,KG,actual,Retail,XAF,590.0,1.2018
2013-02-15,Estuaire,Libreville,Libreville,0.391,9.454,cereals and tubers,Rice,KG,actual,Retail,XAF,550.0,1.1204
2013-02-15,Estuaire,Libreville,Libreville,0.391,9.454,cereals and tubers,Wheat flour,KG,actual,Retail,XAF,1120.0,2.2815
2013-02-15,Estuaire,Libreville,Libreville,0.391,9.454,vegetables and fruits,Plantains,KG,actual,Retail,XAF,570.0,1.1611
2013-03-15,Estuaire,Libreville,Libreville,0.391,9.454,cereals and tubers,Cassava,KG,actual,Retail,XAF,513.0,1.0174
2013-03-15,Estuaire,Libreville,Libreville,0.391,9.454,cereals and tubers,Rice,KG,actual,Retail,XAF,561.0,1.1126
2013-03-15,Estuaire,Libreville,Libreville,0.391,9.454,cereals and tubers,Wheat flour,KG,actual,Retail,XAF,1231.0,2.4413
2013-03-15,Estuaire,Libreville,Libreville,0.391,9.454,vegetables and fruits,Plantains,KG,actual,Retail,XAF,613.0,1.2157
2013-04-15,Estuaire,Libreville,Libreville,0.391,9.454,cereals and tubers,Cassava,KG,actual,Retail,XAF,482.0,0.9636
2013-04-15,Estuaire,Libreville,Libreville,0.391,9.454,cereals and tubers,Rice,KG,actual,Retail,XAF,504.0,1.0076
2013-04-15,Estuaire,Libreville,Libreville,0.391,9.454,cereals and tubers,Wheat flour,KG,actual,Retail,XAF,1327.0,2.6529
2013-04-15,Estuaire,Libreville,Libreville,0.391,9.454,vegetables and fruits,Plantains,KG,actual,Retail,XAF,557.0,1.1136
2013-05-15,Estuaire,Libreville,Libreville,0.391,9.454,cereals and tubers,Cassava,KG,actual,Retail,XAF,689.0,1.3578
2013-05-15,Estuaire,Libreville,Libreville,0.391,9.454,cereals and tubers,Rice,KG,actual,Retail,XAF,543.0,1.0701
2013-05-15,Estuaire,Libreville,Libreville,0.391,9.454,cereals and tubers,Wheat flour,KG,actual,Retail,XAF,928.0,1.8288
2013-05-15,Estuaire,Libreville,Libreville,0.391,9.454,vegetables and fruits,Plantains,KG,actual,Retail,XAF,605.0,1.1922
2013-06-15,Estuaire,Libreville,Libreville,0.391,9.454,cereals and tubers,Cassava,KG,actual,Retail,XAF,547.0,1.0876
2013-06-15,Estuaire,Libreville,Libreville,0.391,9.454,cereals and tubers,Rice,KG,actual,Retail,XAF,567.0,1.1274
2013-06-15,Estuaire,Libreville,Libreville,0.391,9.454,cereals and tubers,Wheat flour,KG,actual,Retail,XAF,932.0,1.8532
2013-06-15,Estuaire,Libreville,Libreville,0.391,9.454,vegetables and fruits,Plantains,KG,actual,Retail,XAF,592.0,1.1771
2013-07-15,Estuaire,Libreville,Libreville,0.391,9.454,cereals and tubers,Cassava,KG,actual,Retail,XAF,585.0,1.1653
2013-07-15,Estuaire,Libreville,Libreville,0.391,9.454,cereals and tubers,Rice,KG,actual,Retail,XAF,559.0,1.1135
2013-07-15,Estuaire,Libreville,Libreville,0.391,9.454,cereals and tubers,Wheat flour,KG,actual,Retail,XAF,918.0,1.8287
2013-07-15,Estuaire,Libreville,Libreville,0.391,9.454,vegetables and fruits,Plantains,KG,actual,Retail,XAF,650.0,1.2948
2013-08-15,Estuaire,Libreville,Libreville,0.391,9.454,cereals and tubers,Cassava,KG,actual,Retail,XAF,547.0,1.1055
2013-08-15,Estuaire,Libreville,Libreville,0.391,9.454,cereals and tubers,Rice,KG,actual,Retail,XAF,552.0,1.1156
2013-08-15,Estuaire,Libreville,Libreville,0.391,9.454,cereals and tubers,Wheat flour,KG,actual,Retail,XAF,997.0,2.0149
2013-08-15,Estuaire,Libreville,Libreville,0.391,9.454,vegetables and fruits,Plantains,KG,actual,Retail,XAF,676.0,1.3662
2013-09-15,Estuaire,Libreville,Libreville,0.391,9.454,cereals and tubers,Cassava,KG,actual,Retail,XAF,655.0,1.3349
2013-09-15,Estuaire,Libreville,Libreville,0.391,9.454,cereals and tubers,Rice,KG,actual,Retail,XAF,483.0,0.9844
2013-09-15,Estuaire,Libreville,Libreville,0.391,9.454,cereals and tubers,Wheat flour,KG,actual,Retail,XAF,978.0,1.9932
2013-09-15,Estuaire,Libreville,Libreville,0.391,9.454,vegetables and fruits,Plantains,KG,actual,Retail,XAF,693.0,1.4124
2013-10-15,Estuaire,Libreville,Libreville,0.391,9.454,cereals and tubers,Cassava,KG,actual,Retail,XAF,696.0,1.4383
2013-10-15,Estuaire,Libreville,Libreville,0.391,9.454,cereals and tubers,Rice,KG,actual,Retail,XAF,568.0,1.1738
2013-10-15,Estuaire,Libreville,Libreville,0.391,9.454,cereals and tubers,Wheat flour,KG,actual,Retail,XAF,834.0,1.7235
2013-10-15,Estuaire,Libreville,Libreville,0.391,9.454,vegetables and fruits,Plantains,KG,actual,Retail,XAF,774.0,1.5995
2013-11-15,Estuaire,Libreville,Libreville,0.391,9.454,cereals and tubers,Cassava,KG,actual,Retail,XAF,491.0,1.007
2013-11-15,Estuaire,Libreville,Libreville,0.391,9.454,cereals and tubers,Rice,KG,actual,Retail,XAF,541.0,1.1096
2013-11-15,Estuaire,Libreville,Libreville,0.391,9.454,cereals and tubers,Wheat flour,KG,actual,Retail,XAF,803.0,1.6469
2013-11-15,Estuaire,Libreville,Libreville,0.391,9.454,vegetables and fruits,Plantains,KG,actual,Retail,XAF,728.0,1.4931
2013-12-15,Estuaire,Libreville,Libreville,0.391,9.454,cereals and tubers,Cassava,KG,actual,Retail,XAF,555.0,1.1589
2013-12-15,Estuaire,Libreville,Libreville,0.391,9.454,cereals and tubers,Rice,KG,actual,Retail,XAF,573.0,1.1965
2013-12-15,Estuaire,Libreville,Libreville,0.391,9.454,cereals and tubers,Wheat flour,KG,actual,Retail,XAF,949.0,1.9817
2013-12-15,Estuaire,Libreville,Libreville,0.391,9.454,vegetables and fruits,Plantains,KG,actual,Retail,XAF,759.0,1.5849
2014-01-15,Estuaire,Libreville,Libreville,0.391,9.454,cereals and tubers,Cassava,KG,actual,Retail,XAF,556.0,1.1596
2014-01-15,Estuaire,Libreville,Libreville,0.391,9.454,cereals and tubers,Rice,KG,actual,Retail,XAF,556.0,1.1596
2014-01-15,Estuaire,Libreville,Libreville,0.391,9.454,cereals and tubers,Wheat flour,KG,actual,Retail,XAF,975.0,2.0335
2014-01-15,Estuaire,Libreville,Libreville,0.391,9.454,vegetables and fruits,Plantains,KG,actual,Retail,XAF,691.0,1.4412
2014-02-15,Estuaire,Libreville,Libreville,0.391,9.454,cereals and tubers,Cassava,KG,actual,Retail,XAF,668.0,1.3925
2014-02-15,Estuaire,Libreville,Libreville,0.391,9.454,cereals and tubers,Rice,KG,actual,Retail,XAF,484.0,1.0089
2014-02-15,Estuaire,Libreville,Libreville,0.391,9.454,cereals and tubers,Wheat flour,KG,actual,Retail,XAF,1061.0,2.2117
2014-02-15,Estuaire,Libreville,Libreville,0.391,9.454,vegetables and fruits,Plantains,KG,actual,Retail,XAF,673.0,1.4029
2014-03-15,Estuaire,Libreville,Libreville,0.391,9.454,cereals and tubers,Cassava,KG,actual,Retail,XAF,825.0,1.7357
2014-03-15,Estuaire,Libreville,Libreville,0.391,9.454,cereals and tubers,Rice,KG,actual,Retail,XAF,572.0,1.2034
2014-03-15,Estuaire,Libreville,Libreville,0.391,9.454,cereals and tubers,Wheat flour,KG,actual,Retail,XAF,1165.0,2.4511
2014-03-15,Estuaire,Libreville,Libreville,0.391,9.454,vegetables and fruits,Plantains,KG,actual,Retail,XAF,672.0,1.4138
2014-04-15,Estuaire,Libreville,Libreville,0.391,9.454,cereals and tubers,Cassava,KG,actual,Retail,XAF,566.0,1.1936
2014-04-15,Estuaire,Libreville,Libreville,0.391,9.454,cereals and tubers,Rice,KG,actual,Retail,XAF,670.0,1.4129
2014-04-15,Estuaire,Libreville,Libreville,0.391,9.454,cereals and tubers,Wheat flour,KG,actual,Retail,XAF,1093.0,2.3049
2014-04-15,Estuaire,Libreville,Libreville,0.391,9.454,vegetables and fruits,Plantains,KG,actual,Retail,XAF,731.0,1.5415
2014-05-15,Estuaire,Libreville,Libreville,0.391,9.454,cereals and tubers,Cassava,KG,actual,Retail,XAF,579.0,1.21
2014-05-15,Estuaire,Libreville,Libreville,0.391,9.454,cereals and tubers,Rice,KG,actual,Retail,XAF,538.0,1.1243
2014-05-15,Estuaire,Libreville,Libreville,0.391,9.454,cereals and tubers,Wheat flour,KG,actual,Retail,XAF,1088.0,2.2737
2014-05-15,Estuaire,Libreville,Libreville,0.391,9.454,vegetables and fruits,Plantains,KG,actual,Retail,XAF,582.0,1.2163
2014-06-15,Estuaire,Libreville,Libreville,0.391,9.454,cereals and tubers,Cassava,KG,actual,Retail,XAF,573.0,1.1908
2014-06-15,Estuaire,Libreville,Libreville,0.391,9.454,cereals and tubers,Rice,KG,actual,Retail,XAF,540.0,1.1223
2014-06-15,Estuaire,Libreville,Libreville,0.391,9.454,cereals and tubers,Wheat flour,KG,actual,Retail,XAF,1519.0,3.1569
2014-06-15,Estuaire,Libreville,Libreville,0.391,9.454,vegetables and fruits,Plantains,KG,actual,Retail,XAF,590.0,1.2262
2014-07-15,Estuaire,Libreville,Libreville,0.391,9.454,cereals and tubers,Cassava,KG,actual,Retail,XAF,553.0,1.149
2014-07-15,Estuaire,Libreville,Libreville,0.391,9.454,cereals and tubers,Rice,KG,actual,Retail,XAF,606.0,1.2591
2014-07-15,Estuaire,Libreville,Libreville,0.391,9.454,cereals and tubers,Wheat flour,KG,actual,Retail,XAF,1160.0,2.4101
2014-07-15,Estuaire,Libreville,Libreville,0.391,9.454,vegetables and fruits,Plantains,KG,actual,Retail,XAF,703.0,1.4606
2014-08-15,Estuaire,Libreville,Libreville,0.391,9.454,cereals and tubers,Cassava,KG,actual,Retail,XAF,575.0,1.1731
2014-08-15,Estuaire,Libreville,Libreville,0.391,9.454,cereals and tubers,Rice,KG,actual,Retail,XAF,572.0,1.1669
2014-08-15,Estuaire,Libreville,Libreville,0.391,9.454,cereals and tubers,Wheat flour,KG,actual,Retail,XAF,1331.0,2.7154
2014-08-15,Estuaire,Libreville,Libreville,0.391,9.454,vegetables and fruits,Plantains,KG,actual,Retail,XAF,627.0,1.2791
2014-09-15,Estuaire,Libreville,Libreville,0.391,9.454,cereals and tubers,Cassava,KG,actual,Retail,XAF,683.0,1.35
2014-09-15,Estuaire,Libreville,Libreville,0.391,9.454,cereals and tubers,Rice,KG,actual,Retail,XAF,535.0,1.0575
2014-09-15,Estuaire,Libreville,Libreville,0.391,9.454,cereals and tubers,Wheat flour,KG,actual,Retail,XAF,1342.0,2.6526
2014-09-15,Estuaire,Libreville,Libreville,0.391,9.454,vegetables and fruits,Plantains,KG,actual,Retail,XAF,718.0,1.4192
2014-10-15,Estuaire,Libreville,Libreville,0.391,9.454,cereals and tubers,Cassava,KG,actual,Retail,XAF,650.0,1.2541
2014-10-15,Estuaire,Libreville,Libreville,0.391,9.454,cereals and tubers,Rice,KG,actual,Retail,XAF,560.0,1.0804
2014-10-15,Estuaire,Libreville,Libreville,0.391,9.454,cereals and tubers,Wheat flour,KG,actual,Retail,XAF,1324.0,2.5545
2014-10-15,Estuaire,Libreville,Libreville,0.391,9.454,vegetables and fruits,Plantains,KG,actual,Retail,XAF,687.0,1.3255
2014-11-15,Estuaire,Libreville,Libreville,0.391,9.454,cereals and tubers,Cassava,KG,actual,Retail,XAF,621.0,1.1837
2014-11-15,Estuaire,Libreville,Libreville,0.391,9.454,cereals and tubers,Rice,KG,actual,Retail,XAF,569.0,1.0846
2014-11-15,Estuaire,Libreville,Libreville,0.391,9.454,cereals and tubers,Wheat flour,KG,actual,Retail,XAF,1342.0,2.558
2014-11-15,Estuaire,Libreville,Libreville,0.391,9.454,vegetables and fruits,Plantains,KG,actual,Retail,XAF,650.0,1.239
2014-12-15,Estuaire,Libreville,Libreville,0.391,9.454,cereals and tubers,Cassava,KG,actual,Retail,XAF,660.0,1.2531
2014-12-15,Estuaire,Libreville,Libreville,0.391,9.454,cereals and tubers,Rice,KG,actual,Retail,XAF,588.0,1.1164
2014-12-15,Estuaire,Libreville,Libreville,0.391,9.454,cereals and tubers,Wheat flour,KG,actual,Retail,XAF,1249.0,2.3714
2014-12-15,Estuaire,Libreville,Libreville,0.391,9.454,vegetables and fruits,Plantains,KG,actual,Retail,XAF,536.0,1.0177
2015-01-15,Estuaire,Libreville,Libreville,0.391,9.454,cereals and tubers,Cassava,KG,actual,Retail,XAF,641.0,1.1491
2015-01-15,Estuaire,Libreville,Libreville,0.391,9.454,cereals and tubers,Rice,KG,actual,Retail,XAF,596.0,1.0685
2015-01-15,Estuaire,Libreville,Libreville,0.391,9.454,cereals and tubers,Wheat flour,KG,actual,Retail,XAF,1235.0,2.214
2015-01-15,Estuaire,Libreville,Libreville,0.391,9.454,vegetables and fruits,Plantains,KG,actual,Retail,XAF,639.0,1.1456
2015-02-15,Estuaire,Libreville,Libreville,0.391,9.454,cereals and tubers,Cassava,KG,actual,Retail,XAF,662.0,1.1374
2015-02-15,Estuaire,Libreville,Libreville,0.391,9.454,cereals and tubers,Rice,KG,actual,Retail,XAF,578.0,0.9931
2015-02-15,Estuaire,Libreville,Libreville,0.391,9.454,cereals and tubers,Wheat flour,KG,actual,Retail,XAF,1191.0,2.0463
2015-02-15,Estuaire,Libreville,Libreville,0.391,9.454,vegetables and fruits,Plantains,KG,actual,Retail,XAF,677.0,1.1632
2015-03-15,Estuaire,Libreville,Libreville,0.391,9.454,cereals and tubers,Cassava,KG,actual,Retail,XAF,641.0,1.0751
2015-03-15,Estuaire,Libreville,Libreville,0.391,9.454,cereals and tubers,Rice,KG,actual,Retail,XAF,552.0,0.9258
2015-03-15,Estuaire,Libreville,Libreville,0.391,9.454,cereals and tubers,Wheat flour,KG,actual,Retail,XAF,1416.0,2.375
2015-03-15,Estuaire,Libreville,Libreville,0.391,9.454,vegetables and fruits,Plantains,KG,actual,Retail,XAF,680.0,1.1405
2015-04-15,Estuaire,Libreville,Libreville,0.391,9.454,cereals and tubers,Cassava,KG,actual,Retail,XAF,626.0,1.0087
2015-04-15,Estuaire,Libreville,Libreville,0.391,9.454,cereals and tubers,Rice,KG,actual,Retail,XAF,553.0,0.8911
2015-04-15,Estuaire,Libreville,Libreville,0.391,9.454,cereals and tubers,Wheat flour,KG,actual,Retail,XAF,1044.0,1.6823
2015-04-15,Estuaire,Libreville,Libreville,0.391,9.454,vegetables and fruits,Plantains,KG,actual,Retail,XAF,677.0,1.0909
2015-05-15,Estuaire,Libreville,Libreville,0.391,9.454,cereals and tubers,Cassava,KG,actual,Retail,XAF,643.0,1.1195
2015-05-15,Estuaire,Libreville,Libreville,0.391,9.454,cereals and tubers,Rice,KG,actual,Retail,XAF,551.0,0.9594
2015-05-15,Estuaire,Libreville,Libreville,0.391,9.454,cereals and tubers,Wheat flour,KG,actual,Retail,XAF,1377.0,2.3975
2015-05-15,Estuaire,Libreville,Libreville,0.391,9.454,vegetables and fruits,Plantains,KG,actual,Retail,XAF,684.0,1.1909
2015-06-15,Estuaire,Libreville,Libreville,0.391,9.454,cereals and tubers,Cassava,KG,actual,Retail,XAF,647.0,1.1036
2015-06-15,Estuaire,Libreville,Libreville,0.391,9.454,cereals and tubers,Rice,KG,actual,Retail,XAF,553.0,0.9433
2015-06-15,Estuaire,Libreville,Libreville,0.391,9.454,cereals and tubers,Wheat flour,KG,actual,Retail,XAF,1361.0,2.3215
2015-06-15,Estuaire,Libreville,Libreville,0.391,9.454,vegetables and fruits,Plantains,KG,actual,Retail,XAF,684.0,1.1667
2015-07-15,Estuaire,Libreville,Libreville,0.391,9.454,cereals and tubers,Cassava,KG,actual,Retail,XAF,515.0,0.8659
2015-07-15,Estuaire,Libreville,Libreville,0.391,9.454,cereals and tubers,Rice,KG,actual,Retail,XAF,546.0,0.918
2015-07-15,Estuaire,Libreville,Libreville,0.391,9.454,cereals and tubers,Wheat flour,KG,actual,Retail,XAF,1448.0,2.4345
2015-07-15,Estuaire,Libreville,Libreville,0.391,9.454,vegetables and fruits,Plantains,KG,actual,Retail,XAF,755.0,1.2694
2015-08-15,Estuaire,Libreville,Libreville,0.391,9.454,cereals and tubers,Cassava,KG,actual,Retail,XAF,624.0,1.0546
2015-08-15,Estuaire,Libreville,Libreville,0.391,9.454,cereals and tubers,Rice,KG,actual,Retail,XAF,495.0,0.8365
2015-08-15,Estuaire,Libreville,Libreville,0.391,9.454,cereals and tubers,Wheat flour,KG,actual,Retail,XAF,1162.0,1.9638
2015-08-15,Estuaire,Libreville,Libreville,0.391,9.454,vegetables and fruits,Plantains,KG,actual,Retail,XAF,759.0,1.2827
2015-09-15,Estuaire,Libreville,Libreville,0.391,9.454,cereals and tubers,Cassava,KG,actual,Retail,XAF,745.0,1.2851
2015-09-15,Estuaire,Libreville,Libreville,0.391,9.454,cereals and tubers,Rice,KG,actual,Retail,XAF,498.0,0.859
2015-09-15,Estuaire,Libreville,Libreville,0.391,9.454,cereals and tubers,Wheat flour,KG,actual,Retail,XAF,1187.0,2.0475
2015-09-15,Estuaire,Libreville,Libreville,0.391,9.454,vegetables and fruits,Plantains,KG,actual,Retail,XAF,647.0,1.1161
2015-10-15,Estuaire,Libreville,Libreville,0.391,9.454,cereals and tubers,Cassava,KG,actual,Retail,XAF,640.0,1.1134
2015-10-15,Estuaire,Libreville,Libreville,0.391,9.454,cereals and tubers,Rice,KG,actual,Retail,XAF,504.0,0.8768
2015-10-15,Estuaire,Libreville,Libreville,0.391,9.454,cereals and tubers,Wheat flour,KG,actual,Retail,XAF,1105.0,1.9223
2015-10-15,Estuaire,Libreville,Libreville,0.391,9.454,vegetables and fruits,Plantains,KG,actual,Retail,XAF,645.0,1.1221
2015-11-15,Estuaire,Libreville,Libreville,0.391,9.454,cereals and tubers,Cassava,KG,actual,Retail,XAF,603.0,0.9922
2015-11-15,Estuaire,Libreville,Libreville,0.391,9.454,cereals and tubers,Rice,KG,actual,Retail,XAF,534.0,0.8787
2015-11-15,Estuaire,Libreville,Libreville,0.391,9.454,cereals and tubers,Wheat flour,KG,actual,Retail,XAF,908.0,1.4941
2015-11-15,Estuaire,Libreville,Libreville,0.391,9.454,vegetables and fruits,Plantains,KG,actual,Retail,XAF,625.0,1.0284
2015-12-15,Estuaire,Libreville,Libreville,0.391,9.454,cereals and tubers,Cassava,KG,actual,Retail,XAF,574.0,0.9626
2015-12-15,Estuaire,Libreville,Libreville,0.391,9.454,cereals and tubers,Rice,KG,actual,Retail,XAF,566.0,0.9492
2015-12-15,Estuaire,Libreville,Libreville,0.391,9.454,cereals and tubers,Wheat flour,KG,actual,Retail,XAF,1073.0,1.7994
2015-12-15,Estuaire,Libreville,Libreville,0.391,9.454,vegetables and fruits,Plantains,KG,actual,Retail,XAF,698.0,1.1705
2016-01-15,Estuaire,Libreville,Libreville,0.391,9.454,cereals and tubers,Cassava,KG,actual,Retail,XAF,578.0,0.9626
2016-01-15,Estuaire,Libreville,Libreville,0.391,9.454,cereals and tubers,Rice,KG,actual,Retail,XAF,555.0,0.9243
2016-01-15,Estuaire,Libreville,Libreville,0.391,9.454,cereals and tubers,Wheat flour,KG,actual,Retail,XAF,1014.0,1.6887
2016-01-15,Estuaire,Libreville,Libreville,0.391,9.454,vegetables and fruits,Plantains,KG,actual,Retail,XAF,642.0,1.0692
2016-02-15,Estuaire,Libreville,Libreville,0.391,9.454,cereals and tubers,Cassava,KG,actual,Retail,XAF,546.0,0.9368
2016-02-15,Estuaire,Libreville,Libreville,0.391,9.454,cereals and tubers,Rice,KG,actual,Retail,XAF,558.0,0.9574
2016-02-15,Estuaire,Libreville,Libreville,0.391,9.454,cereals and tubers,Wheat flour,KG,actual,Retail,XAF,1037.0,1.7793
2016-02-15,Estuaire,Libreville,Libreville,0.391,9.454,vegetables and fruits,Plantains,KG,actual,Retail,XAF,716.0,1.2285
2016-03-15,Estuaire,Libreville,Libreville,0.391,9.454,cereals and tubers,Cassava,KG,actual,Retail,XAF,644.0,1.0901
2016-03-15,Estuaire,Libreville,Libreville,0.391,9.454,cereals and tubers,Rice,KG,actual,Retail,XAF,552.0,0.9344
2016-03-15,Estuaire,Libreville,Libreville,0.391,9.454,cereals and tubers,Wheat flour,KG,actual,Retail,XAF,1250.0,2.1159
2016-03-15,Estuaire,Libreville,Libreville,0.391,9.454,vegetables and fruits,Plantains,KG,actual,Retail,XAF,685.0,1.1595
2016-04-15,Estuaire,Libreville,Libreville,0.391,9.454,cereals and tubers,Cassava,KG,actual,Retail,XAF,725.0,1.2454
2016-04-15,Estuaire,Libreville,Libreville,0.391,9.454,cereals and tubers,Rice,KG,actual,Retail,XAF,573.0,0.9843
2016-04-15,Estuaire,Libreville,Libreville,0.391,9.454,cereals and tubers,Wheat flour,KG,actual,Retail,XAF,1185.0,2.0356
2016-04-15,Estuaire,Libreville,Libreville,0.391,9.454,vegetables and fruits,Plantains,KG,actual,Retail,XAF,536.0,0.9207
2016-05-15,Estuaire,Libreville,Libreville,0.391,9.454,cereals and tubers,Cassava,KG,actual,Retail,XAF,830.0,1.4274
2016-05-15,Estuaire,Libreville,Libreville,0.391,9.454,cereals and tubers,Rice,KG,actual,Retail,XAF,551.0,0.9476
2016-05-15,Estuaire,Libreville,Libreville,0.391,9.454,cereals and tubers,Wheat flour,KG,actual,Retail,XAF,1206.0,2.0741
2016-05-15,Estuaire,Libreville,Libreville,0.391,9.454,vegetables and fruits,Plantains,KG,actual,Retail,XAF,592.0,1.0181
2016-06-15,Estuaire,Libreville,Libreville,0.391,9.454,cereals and tubers,Cassava,KG,actual,Retail,XAF,830.0,1.4208
2016-06-15,Estuaire,Libreville,Libreville,0.391,9.454,cereals and tubers,Rice,KG,actual,Retail,XAF,551.0,0.9432
2016-06-15,Estuaire,Libreville,Libreville,0.391,9.454,cereals and tubers,Wheat flour,KG,actual,Retail,XAF,1333.0,2.2818
2016-06-15,Estuaire,Libreville,Libreville,0.391,9.454,vegetables and fruits,Plantains,KG,actual,Retail,XAF,592.0,1.0134
2016-07-15,Estuaire,Libreville,Libreville,0.391,9.454,cereals and tubers,Cassava,KG,actual,Retail,XAF,893.0,1.5135
2016-07-15,Estuaire,Libreville,Libreville,0.391,9.454,cereals and tubers,Rice,KG,actual,Retail,XAF,534.0,0.905
2016-07-15,Estuaire,Libreville,Libreville,0.391,9.454,cereals and tubers,Wheat flour,KG,actual,Retail,XAF,1040.0,1.7626
2016-07-15,Estuaire,Libreville,Libreville,0.391,9.454,vegetables and fruits,Plantains,KG,actual,Retail,XAF,560.0,0.9491
2016-08-15,Estuaire,Libreville,Libreville,0.391,9.454,cereals and tubers,Cassava,KG,actual,Retail,XAF,924.0,1.5726
2016-08-15,Estuaire,Libreville,Libreville,0.391,9.454,cereals and tubers,Rice,KG,actual,Retail,XAF,528.0,0.8986
2016-08-15,Estuaire,Libreville,Libreville,0.391,9.454,cereals and tubers,Wheat flour,KG,actual,Retail,XAF,1022.0,1.7394
2016-08-15,Estuaire,Libreville,Libreville,0.391,9.454,vegetables and fruits,Plantains,KG,actual,Retail,XAF,571.0,0.9718
2016-09-15,Estuaire,Libreville,Libreville,0.391,9.454,cereals and tubers,Cassava,KG,actual,Retail,XAF,763.0,1.3084
2016-09-15,Estuaire,Libreville,Libreville,0.391,9.454,cereals and tubers,Rice,KG,actual,Retail,XAF,575.0,0.986
2016-09-15,Estuaire,Libreville,Libreville,0.391,9.454,cereals and tubers,Wheat flour,KG,actual,Retail,XAF,1066.0,1.828
2016-09-15,Estuaire,Libreville,Libreville,0.391,9.454,vegetables and fruits,Plantains,KG,actual,Retail,XAF,674.0,1.1558
2016-10-15,Estuaire,Libreville,Libreville,0.391,9.454,cereals and tubers,Cassava,KG,actual,Retail,XAF,793.0,1.3366
2016-10-15,Estuaire,Libreville,Libreville,0.391,9.454,cereals and tubers,Rice,KG,actual,Retail,XAF,575.0,0.9691
2016-10-15,Estuaire,Libreville,Libreville,0.391,9.454,cereals and tubers,Wheat flour,KG,actual,Retail,XAF,1161.0,1.9568
2016-10-15,Estuaire,Libreville,Libreville,0.391,9.454,vegetables and fruits,Plantains,KG,actual,Retail,XAF,605.0,1.0197
2016-11-15,Estuaire,Libreville,Libreville,0.391,9.454,cereals and tubers,Cassava,KG,actual,Retail,XAF,747.0,1.2231
2016-11-15,Estuaire,Libreville,Libreville,0.391,9.454,cereals and tubers,Rice,KG,actual,Retail,XAF,537.0,0.8792
2016-11-15,Estuaire,Libreville,Libreville,0.391,9.454,cereals and tubers,Wheat flour,KG,actual,Retail,XAF,1134.0,1.8567
2016-11-15,Estuaire,Libreville,Libreville,0.391,9.454,vegetables and fruits,Plantains,KG,actual,Retail,XAF,564.0,0.9234
2016-12-15,Estuaire,Libreville,Libreville,0.391,9.454,cereals and tubers,Cassava,KG,actual,Retail,XAF,750.0,1.2042
2016-12-15,Estuaire,Libreville,Libreville,0.391,9.454,cereals and tubers,Rice,KG,actual,Retail,XAF,553.0,0.8879
2016-12-15,Estuaire,Libreville,Libreville,0.391,9.454,cereals and tubers,Wheat flour,KG,actual,Retail,XAF,1242.0,1.9942
2016-12-15,Estuaire,Libreville,Libreville,0.391,9.454,vegetables and fruits,Plantains,KG,actual,Retail,XAF,463.0,0.7434
2017-01-15,Estuaire,Libreville,Libreville,0.391,9.454,cereals and tubers,Cassava,KG,actual,Retail,XAF,625.0,1.0141
2017-01-15,Estuaire,Libreville,Libreville,0.391,9.454,cereals and tubers,Rice,KG,actual,Retail,XAF,569.0,0.9233
2017-01-15,Estuaire,Libreville,Libreville,0.391,9.454,cereals and tubers,Wheat flour,KG,actual,Retail,XAF,1278.0,2.0737
2017-01-15,Estuaire,Libreville,Libreville,0.391,9.454,vegetables and fruits,Plantains,KG,actual,Retail,XAF,501.0,0.8129
2017-02-15,Estuaire,Libreville,Libreville,0.391,9.454,cereals and tubers,Cassava,KG,actual,Retail,XAF,495.0,0.7981
2017-02-15,Estuaire,Libreville,Libreville,0.391,9.454,cereals and tubers,Rice,KG,actual,Retail,XAF,519.0,0.8368
2017-02-15,Estuaire,Libreville,Libreville,0.391,9.454,cereals and tubers,Wheat flour,KG,actual,Retail,XAF,1309.0,2.1106
2017-02-15,Estuaire,Libreville,Libreville,0.391,9.454,vegetables and fruits,Plantains,KG,actual,Retail,XAF,720.0,1.1609
2017-03-15,Estuaire,Libreville,Libreville,0.391,9.454,cereals and tubers,Cassava,KG,actual,Retail,XAF,474.0,0.7665
2017-03-15,Estuaire,Libreville,Libreville,0.391,9.454,cereals and tubers,Rice,KG,actual,Retail,XAF,618.0,0.9993
2017-03-15,Estuaire,Libreville,Libreville,0.391,9.454,cereals and tubers,Wheat flour,KG,actual,Retail,XAF,1237.0,2.0003
2017-03-15,Estuaire,Libreville,Libreville,0.391,9.454,vegetables and fruits,Plantains,KG,actual,Retail,XAF,761.0,1.2306
2017-04-15,Estuaire,Libreville,Libreville,0.391,9.454,cereals and tubers,Cassava,KG,actual,Retail,XAF,510.0,0.8404
2017-04-15,Estuaire,Libreville,Libreville,0.391,9.454,cereals and tubers,Rice,KG,actual,Retail,XAF,548.0,0.903
2017-04-15,Estuaire,Libreville,Libreville,0.391,9.454,cereals and tubers,Wheat flour,KG,actual,Retail,XAF,1285.0,2.1175
2017-04-15,Estuaire,Libreville,Libreville,0.391,9.454,vegetables and fruits,Plantains,KG,actual,Retail,XAF,744.0,1.226
2017-05-15,Estuaire,Libreville,Libreville,0.391,9.454,cereals and tubers,Cassava,KG,actual,Retail,XAF,520.0,0.8666
2017-05-15,Estuaire,Libreville,Libreville,0.391,9.454,cereals and tubers,Rice,KG,actual,Retail,XAF,661.0,1.1016
2017-05-15,Estuaire,Libreville,Libreville,0.391,9.454,cereals and tubers,Wheat flour,KG,actual,Retail,XAF,1356.0,2.2598
2017-05-15,Estuaire,Libreville,Libreville,0.391,9.454,vegetables and fruits,Plantains,KG,actual,Retail,XAF,645.0,1.0749
2017-06-15,Estuaire,Libreville,Libreville,0.391,9.454,cereals and tubers,Cassava,KG,actual,Retail,XAF,521.0,0.8898
2017-06-15,Estuaire,Libreville,Libreville,0.391,9.454,cereals and tubers,Rice,KG,actual,Retail,XAF,666.0,1.1374
2017-06-15,Estuaire,Libreville,Libreville,0.391,9.454,cereals and tubers,Wheat flour,KG,actual,Retail,XAF,1337.0,2.2834
2017-06-15,Estuaire,Libreville,Libreville,0.391,9.454,vegetables and fruits,Plantains,KG,actual,Retail,XAF,646.0,1.1033
